date,replicate,treatment,burrow_count,mean_burrow_diameter,set,mean_air_temp,mean_baro,mean_wind_speed,mean_wind_vec,mean_PAR,mean_humidity,plot
10/17/2022,1,aControl,10,18.53,south,22.7656,1012.17,3.8094,228.1729,286.521,80.0031,1
10/17/2022,1,Compact,6,18.595,south,22.7656,1012.17,3.8094,228.1729,286.521,80.0031,2
10/17/2022,1,Rake,8,20.905,south,22.7656,1012.17,3.8094,228.1729,286.521,80.0031,3
10/17/2022,1,Marine Debris,9,12.60888889,south,22.7656,1012.17,3.8094,228.1729,286.521,80.0031,4
10/17/2022,2,aControl,11,18.37181818,south,22.7656,1012.17,3.8094,228.1729,286.521,80.0031,5
10/17/2022,2,Compact,10,22.12,south,22.7656,1012.17,3.8094,228.1729,286.521,80.0031,6
10/17/2022,2,Rake,7,25.20571429,south,22.7656,1012.17,3.8094,228.1729,286.521,80.0031,7
10/17/2022,2,Marine Debris,6,13.78,south,22.7656,1012.17,3.8094,228.1729,286.521,80.0031,8
10/17/2022,3,aControl,7,18.78428571,south,22.7656,1012.17,3.8094,228.1729,286.521,80.0031,9
10/17/2022,3,Compact,7,19.12142857,south,22.7656,1012.17,3.8094,228.1729,286.521,80.0031,10
10/17/2022,3,Rake,8,23.42875,south,22.7656,1012.17,3.8094,228.1729,286.521,80.0031,11
10/17/2022,3,Marine Debris,9,16.48333333,south,22.7656,1012.17,3.8094,228.1729,286.521,80.0031,12
10/17/2022,4,aControl,6,21.92333333,south,22.7656,1012.17,3.8094,228.1729,286.521,80.0031,13
10/17/2022,4,Compact,6,28.25333333,south,22.7656,1012.17,3.8094,228.1729,286.521,80.0031,14
10/17/2022,4,Rake,7,30.64285714,south,22.7656,1012.17,3.8094,228.1729,286.521,80.0031,15
10/17/2022,4,Marine Debris,5,19.886,south,22.7656,1012.17,3.8094,228.1729,286.521,80.0031,16
10/17/2022,5,aControl,6,18.40166667,south,22.7656,1012.17,3.8094,228.1729,286.521,80.0031,17
10/17/2022,5,Compact,2,8.725,south,22.7656,1012.17,3.8094,228.1729,286.521,80.0031,18
10/17/2022,5,Rake,4,17.47,south,22.7656,1012.17,3.8094,228.1729,286.521,80.0031,19
10/17/2022,5,Marine Debris,9,18.4,south,22.7656,1012.17,3.8094,228.1729,286.521,80.0031,20
10/17/2022,6,aControl,10,37.9544,north,22.7656,1012.17,3.8094,228.1729,286.521,80.0031,21
10/17/2022,6,Compact,5,26.016,north,22.7656,1012.17,3.8094,228.1729,286.521,80.0031,22
10/17/2022,6,Rake,7,27.12714286,north,22.7656,1012.17,3.8094,228.1729,286.521,80.0031,23
10/17/2022,6,Marine Debris,7,28.09571429,north,22.7656,1012.17,3.8094,228.1729,286.521,80.0031,24
10/17/2022,7,aControl,9,27.18555556,north,22.7656,1012.17,3.8094,228.1729,286.521,80.0031,25
10/17/2022,7,Compact,3,28.73,north,22.7656,1012.17,3.8094,228.1729,286.521,80.0031,26
10/17/2022,7,Rake,14,36.12571429,north,22.7656,1012.17,3.8094,228.1729,286.521,80.0031,27
10/17/2022,7,Marine Debris,8,29.2025,north,22.7656,1012.17,3.8094,228.1729,286.521,80.0031,28
10/17/2022,8,aControl,7,33.20714286,north,22.7656,1012.17,3.8094,228.1729,286.521,80.0031,29
10/17/2022,8,Compact,1,31.7,north,22.7656,1012.17,3.8094,228.1729,286.521,80.0031,30
10/17/2022,8,Rake,6,31.605,north,22.7656,1012.17,3.8094,228.1729,286.521,80.0031,31
10/17/2022,8,Marine Debris,8,27.01,north,22.7656,1012.17,3.8094,228.1729,286.521,80.0031,32
10/17/2022,9,aControl,3,28.53333333,north,22.7656,1012.17,3.8094,228.1729,286.521,80.0031,33
10/17/2022,9,Compact,4,28.39,north,22.7656,1012.17,3.8094,228.1729,286.521,80.0031,34
10/17/2022,9,Rake,6,23.81666667,north,22.7656,1012.17,3.8094,228.1729,286.521,80.0031,35
10/17/2022,9,Marine Debris,8,21.595,north,22.7656,1012.17,3.8094,228.1729,286.521,80.0031,36
10/17/2022,10,aControl,5,30.132,north,22.7656,1012.17,3.8094,228.1729,286.521,80.0031,37
10/17/2022,10,Compact,0,0,north,22.7656,1012.17,3.8094,228.1729,286.521,80.0031,38
10/17/2022,10,Rake,3,26.83,north,22.7656,1012.17,3.8094,228.1729,286.521,80.0031,39
10/17/2022,10,Marine Debris,8,23.11625,north,22.7656,1012.17,3.8094,228.1729,286.521,80.0031,40
10/18/2022,1,aControl,2,22.73,south,19.5636,1008.83,4.7154,299.1531,392.375,61.0813,1
10/18/2022,1,Compact,3,28.39333333,south,19.5636,1008.83,4.7154,299.1531,392.375,61.0813,2
10/18/2022,1,Rake,2,31.32,south,19.5636,1008.83,4.7154,299.1531,392.375,61.0813,3
10/18/2022,1,Marine Debris,2,20.125,south,19.5636,1008.83,4.7154,299.1531,392.375,61.0813,4
10/18/2022,2,aControl,6,19.465,south,19.5636,1008.83,4.7154,299.1531,392.375,61.0813,5
10/18/2022,2,Compact,4,31.0675,south,19.5636,1008.83,4.7154,299.1531,392.375,61.0813,6
10/18/2022,2,Rake,2,20.06,south,19.5636,1008.83,4.7154,299.1531,392.375,61.0813,7
10/18/2022,2,Marine Debris,4,20.8425,south,19.5636,1008.83,4.7154,299.1531,392.375,61.0813,8
10/18/2022,3,aControl,5,24.36,south,19.5636,1008.83,4.7154,299.1531,392.375,61.0813,9
10/18/2022,3,Compact,6,14.86,south,19.5636,1008.83,4.7154,299.1531,392.375,61.0813,10
10/18/2022,3,Rake,4,28.4025,south,19.5636,1008.83,4.7154,299.1531,392.375,61.0813,11
10/18/2022,3,Marine Debris,8,28.60125,south,19.5636,1008.83,4.7154,299.1531,392.375,61.0813,12
10/18/2022,4,aControl,3,12.13666667,south,19.5636,1008.83,4.7154,299.1531,392.375,61.0813,13
10/18/2022,4,Compact,5,32.47,south,19.5636,1008.83,4.7154,299.1531,392.375,61.0813,14
10/18/2022,4,Rake,5,17.972,south,19.5636,1008.83,4.7154,299.1531,392.375,61.0813,15
10/18/2022,4,Marine Debris,5,20.43,south,19.5636,1008.83,4.7154,299.1531,392.375,61.0813,16
10/18/2022,5,aControl,3,20.92,south,19.5636,1008.83,4.7154,299.1531,392.375,61.0813,17
10/18/2022,5,Compact,0,0,south,19.5636,1008.83,4.7154,299.1531,392.375,61.0813,18
10/18/2022,5,Rake,0,0,south,19.5636,1008.83,4.7154,299.1531,392.375,61.0813,19
10/18/2022,5,Marine Debris,2,23.995,south,19.5636,1008.83,4.7154,299.1531,392.375,61.0813,20
10/18/2022,6,aControl,5,36.674,north,19.5636,1008.83,4.7154,299.1531,392.375,61.0813,21
10/18/2022,6,Compact,4,38.22,north,19.5636,1008.83,4.7154,299.1531,392.375,61.0813,22
10/18/2022,6,Rake,3,40.33666667,north,19.5636,1008.83,4.7154,299.1531,392.375,61.0813,23
10/18/2022,6,Marine Debris,7,26.53571429,north,19.5636,1008.83,4.7154,299.1531,392.375,61.0813,24
10/18/2022,7,aControl,3,29.15333333,north,19.5636,1008.83,4.7154,299.1531,392.375,61.0813,25
10/18/2022,7,Compact,4,24.25,north,19.5636,1008.83,4.7154,299.1531,392.375,61.0813,26
10/18/2022,7,Rake,6,26.88833333,north,19.5636,1008.83,4.7154,299.1531,392.375,61.0813,27
10/18/2022,7,Marine Debris,4,29.9225,north,19.5636,1008.83,4.7154,299.1531,392.375,61.0813,28
10/18/2022,8,aControl,5,47.982,north,19.5636,1008.83,4.7154,299.1531,392.375,61.0813,29
10/18/2022,8,Compact,4,24.1725,north,19.5636,1008.83,4.7154,299.1531,392.375,61.0813,30
10/18/2022,8,Rake,1,66,north,19.5636,1008.83,4.7154,299.1531,392.375,61.0813,31
10/18/2022,8,Marine Debris,4,39.7075,north,19.5636,1008.83,4.7154,299.1531,392.375,61.0813,32
10/18/2022,9,aControl,2,17.805,north,19.5636,1008.83,4.7154,299.1531,392.375,61.0813,33
10/18/2022,9,Compact,3,34.86333333,north,19.5636,1008.83,4.7154,299.1531,392.375,61.0813,34
10/18/2022,9,Rake,8,36.7625,north,19.5636,1008.83,4.7154,299.1531,392.375,61.0813,35
10/18/2022,9,Marine Debris,9,23.52444444,north,19.5636,1008.83,4.7154,299.1531,392.375,61.0813,36
10/18/2022,10,aControl,4,23.6175,north,19.5636,1008.83,4.7154,299.1531,392.375,61.0813,37
10/18/2022,10,Compact,1,13.56,north,19.5636,1008.83,4.7154,299.1531,392.375,61.0813,38
10/18/2022,10,Rake,1,19.43,north,19.5636,1008.83,4.7154,299.1531,392.375,61.0813,39
10/18/2022,10,Marine Debris,6,21.35833333,north,19.5636,1008.83,4.7154,299.1531,392.375,61.0813,40
10/19/2022,1,aControl,1,24.85,south,11.9493,1016.94,4.7198,346.3785,389.656,54.9885,1
10/19/2022,1,Compact,2,23.595,south,11.9493,1016.94,4.7198,346.3785,389.656,54.9885,2
10/19/2022,1,Rake,0,0,south,11.9493,1016.94,4.7198,346.3785,389.656,54.9885,3
10/19/2022,1,Marine Debris,1,26.38,south,11.9493,1016.94,4.7198,346.3785,389.656,54.9885,4
10/19/2022,2,aControl,2,16.13,south,11.9493,1016.94,4.7198,346.3785,389.656,54.9885,5
10/19/2022,2,Compact,5,24.468,south,11.9493,1016.94,4.7198,346.3785,389.656,54.9885,6
10/19/2022,2,Rake,0,0,south,11.9493,1016.94,4.7198,346.3785,389.656,54.9885,7
10/19/2022,2,Marine Debris,0,0,south,11.9493,1016.94,4.7198,346.3785,389.656,54.9885,8
10/19/2022,3,aControl,3,16.57333333,south,11.9493,1016.94,4.7198,346.3785,389.656,54.9885,9
10/19/2022,3,Compact,1,22.39,south,11.9493,1016.94,4.7198,346.3785,389.656,54.9885,10
10/19/2022,3,Rake,1,17.74,south,11.9493,1016.94,4.7198,346.3785,389.656,54.9885,11
10/19/2022,3,Marine Debris,4,18.5725,south,11.9493,1016.94,4.7198,346.3785,389.656,54.9885,12
10/19/2022,4,aControl,1,12.75,south,11.9493,1016.94,4.7198,346.3785,389.656,54.9885,13
10/19/2022,4,Compact,3,24.04333333,south,11.9493,1016.94,4.7198,346.3785,389.656,54.9885,14
10/19/2022,4,Rake,0,0,south,11.9493,1016.94,4.7198,346.3785,389.656,54.9885,15
10/19/2022,4,Marine Debris,3,24.57333333,south,11.9493,1016.94,4.7198,346.3785,389.656,54.9885,16
10/19/2022,5,aControl,1,9.74,south,11.9493,1016.94,4.7198,346.3785,389.656,54.9885,17
10/19/2022,5,Compact,0,0,south,11.9493,1016.94,4.7198,346.3785,389.656,54.9885,18
10/19/2022,5,Rake,1,25.85,south,11.9493,1016.94,4.7198,346.3785,389.656,54.9885,19
10/19/2022,5,Marine Debris,1,14.1,south,11.9493,1016.94,4.7198,346.3785,389.656,54.9885,20
10/19/2022,6,aControl,1,31.43,north,11.9493,1016.94,4.7198,346.3785,389.656,54.9885,21
10/19/2022,6,Compact,1,23.6,north,11.9493,1016.94,4.7198,346.3785,389.656,54.9885,22
10/19/2022,6,Rake,2,13.715,north,11.9493,1016.94,4.7198,346.3785,389.656,54.9885,23
10/19/2022,6,Marine Debris,4,21.3875,north,11.9493,1016.94,4.7198,346.3785,389.656,54.9885,24
10/19/2022,7,aControl,2,25.34,north,11.9493,1016.94,4.7198,346.3785,389.656,54.9885,25
10/19/2022,7,Compact,1,28.47,north,11.9493,1016.94,4.7198,346.3785,389.656,54.9885,26
10/19/2022,7,Rake,3,23.86,north,11.9493,1016.94,4.7198,346.3785,389.656,54.9885,27
10/19/2022,7,Marine Debris,4,37.345,north,11.9493,1016.94,4.7198,346.3785,389.656,54.9885,28
10/19/2022,8,aControl,2,37.41,north,11.9493,1016.94,4.7198,346.3785,389.656,54.9885,29
10/19/2022,8,Compact,0,0,north,11.9493,1016.94,4.7198,346.3785,389.656,54.9885,30
10/19/2022,8,Rake,1,9.23,north,11.9493,1016.94,4.7198,346.3785,389.656,54.9885,31
10/19/2022,8,Marine Debris,2,12.225,north,11.9493,1016.94,4.7198,346.3785,389.656,54.9885,32
10/19/2022,9,aControl,0,0,north,11.9493,1016.94,4.7198,346.3785,389.656,54.9885,33
10/19/2022,9,Compact,0,0,north,11.9493,1016.94,4.7198,346.3785,389.656,54.9885,34
10/19/2022,9,Rake,4,26.0575,north,11.9493,1016.94,4.7198,346.3785,389.656,54.9885,35
10/19/2022,9,Marine Debris,5,31.126,north,11.9493,1016.94,4.7198,346.3785,389.656,54.9885,36
10/19/2022,10,aControl,2,12.475,north,11.9493,1016.94,4.7198,346.3785,389.656,54.9885,37
10/19/2022,10,Compact,0,0,north,11.9493,1016.94,4.7198,346.3785,389.656,54.9885,38
10/19/2022,10,Rake,0,0,north,11.9493,1016.94,4.7198,346.3785,389.656,54.9885,39
10/19/2022,10,Marine Debris,2,33.47,north,11.9493,1016.94,4.7198,346.3785,389.656,54.9885,40
10/20/2022,1,aControl,1,30.27,south,12.2442,1018.89,1.3647,350.2852,385.615,67.9125,1
10/20/2022,1,Compact,2,13.505,south,12.2442,1018.89,1.3647,350.2852,385.615,67.9125,2
10/20/2022,1,Rake,0,0,south,12.2442,1018.89,1.3647,350.2852,385.615,67.9125,3
10/20/2022,1,Marine Debris,0,0,south,12.2442,1018.89,1.3647,350.2852,385.615,67.9125,4
10/20/2022,2,aControl,3,15.19333333,south,12.2442,1018.89,1.3647,350.2852,385.615,67.9125,5
10/20/2022,2,Compact,0,0,south,12.2442,1018.89,1.3647,350.2852,385.615,67.9125,6
10/20/2022,2,Rake,2,12.97,south,12.2442,1018.89,1.3647,350.2852,385.615,67.9125,7
10/20/2022,2,Marine Debris,1,12.55,south,12.2442,1018.89,1.3647,350.2852,385.615,67.9125,8
10/20/2022,3,aControl,2,35.545,south,12.2442,1018.89,1.3647,350.2852,385.615,67.9125,9
10/20/2022,3,Compact,1,16.09,south,12.2442,1018.89,1.3647,350.2852,385.615,67.9125,10
10/20/2022,3,Rake,0,0,south,12.2442,1018.89,1.3647,350.2852,385.615,67.9125,11
10/20/2022,3,Marine Debris,4,24.9325,south,12.2442,1018.89,1.3647,350.2852,385.615,67.9125,12
10/20/2022,4,aControl,2,8.945,south,12.2442,1018.89,1.3647,350.2852,385.615,67.9125,13
10/20/2022,4,Compact,1,12.28,south,12.2442,1018.89,1.3647,350.2852,385.615,67.9125,14
10/20/2022,4,Rake,0,0,south,12.2442,1018.89,1.3647,350.2852,385.615,67.9125,15
10/20/2022,4,Marine Debris,2,30.455,south,12.2442,1018.89,1.3647,350.2852,385.615,67.9125,16
10/20/2022,5,aControl,0,0,south,12.2442,1018.89,1.3647,350.2852,385.615,67.9125,17
10/20/2022,5,Compact,0,0,south,12.2442,1018.89,1.3647,350.2852,385.615,67.9125,18
10/20/2022,5,Rake,1,21.02,south,12.2442,1018.89,1.3647,350.2852,385.615,67.9125,19
10/20/2022,5,Marine Debris,1,11.17,south,12.2442,1018.89,1.3647,350.2852,385.615,67.9125,20
10/20/2022,6,aControl,3,16.76666667,north,12.2442,1018.89,1.3647,350.2852,385.615,67.9125,21
10/20/2022,6,Compact,1,31,north,12.2442,1018.89,1.3647,350.2852,385.615,67.9125,22
10/20/2022,6,Rake,3,10.01,north,12.2442,1018.89,1.3647,350.2852,385.615,67.9125,23
10/20/2022,6,Marine Debris,3,21.63666667,north,12.2442,1018.89,1.3647,350.2852,385.615,67.9125,24
10/20/2022,7,aControl,4,17.205,north,12.2442,1018.89,1.3647,350.2852,385.615,67.9125,25
10/20/2022,7,Compact,1,26.23,north,12.2442,1018.89,1.3647,350.2852,385.615,67.9125,26
10/20/2022,7,Rake,0,0,north,12.2442,1018.89,1.3647,350.2852,385.615,67.9125,27
10/20/2022,7,Marine Debris,2,32.04,north,12.2442,1018.89,1.3647,350.2852,385.615,67.9125,28
10/20/2022,8,aControl,2,32.665,north,12.2442,1018.89,1.3647,350.2852,385.615,67.9125,29
10/20/2022,8,Compact,2,19.305,north,12.2442,1018.89,1.3647,350.2852,385.615,67.9125,30
10/20/2022,8,Rake,0,0,north,12.2442,1018.89,1.3647,350.2852,385.615,67.9125,31
10/20/2022,8,Marine Debris,3,10.14666667,north,12.2442,1018.89,1.3647,350.2852,385.615,67.9125,32
10/20/2022,9,aControl,4,19.755,north,12.2442,1018.89,1.3647,350.2852,385.615,67.9125,33
10/20/2022,9,Compact,1,23.02,north,12.2442,1018.89,1.3647,350.2852,385.615,67.9125,34
10/20/2022,9,Rake,5,39.106,north,12.2442,1018.89,1.3647,350.2852,385.615,67.9125,35
10/20/2022,9,Marine Debris,6,16.75666667,north,12.2442,1018.89,1.3647,350.2852,385.615,67.9125,36
10/20/2022,10,aControl,1,46.07,north,12.2442,1018.89,1.3647,350.2852,385.615,67.9125,37
10/20/2022,10,Compact,0,0,north,12.2442,1018.89,1.3647,350.2852,385.615,67.9125,38
10/20/2022,10,Rake,1,20.29,north,12.2442,1018.89,1.3647,350.2852,385.615,67.9125,39
10/20/2022,10,Marine Debris,2,16.46,north,12.2442,1018.89,1.3647,350.2852,385.615,67.9125,40
10/21/2022,1,aControl,2,17.62,south,13.1783,1018.23,2.3959,35.5864,381,65.7052,
10/21/2022,1,Compact,2,16.025,south,13.1783,1018.23,2.3959,35.5864,381,65.7052,
10/21/2022,1,Rake,1,29.75,south,13.1783,1018.23,2.3959,35.5864,381,65.7052,
10/21/2022,1,Marine Debris,3,15.53666667,south,13.1783,1018.23,2.3959,35.5864,381,65.7052,
10/21/2022,2,aControl,6,15.58,south,13.1783,1018.23,2.3959,35.5864,381,65.7052,
10/21/2022,2,Compact,2,5.63,south,13.1783,1018.23,2.3959,35.5864,381,65.7052,
10/21/2022,2,Rake,1,23.39,south,13.1783,1018.23,2.3959,35.5864,381,65.7052,
10/21/2022,2,Marine Debris,2,20.1,south,13.1783,1018.23,2.3959,35.5864,381,65.7052,
10/21/2022,3,aControl,4,27.34,south,13.1783,1018.23,2.3959,35.5864,381,65.7052,
10/21/2022,3,Compact,2,13.49,south,13.1783,1018.23,2.3959,35.5864,381,65.7052,
10/21/2022,3,Rake,1,54.6,south,13.1783,1018.23,2.3959,35.5864,381,65.7052,
10/21/2022,3,Marine Debris,6,26.03666667,south,13.1783,1018.23,2.3959,35.5864,381,65.7052,
10/21/2022,4,aControl,1,20.95,south,13.1783,1018.23,2.3959,35.5864,381,65.7052,
10/21/2022,4,Compact,2,9.46,south,13.1783,1018.23,2.3959,35.5864,381,65.7052,
10/21/2022,4,Rake,2,12.485,south,13.1783,1018.23,2.3959,35.5864,381,65.7052,
10/21/2022,4,Marine Debris,4,16.935,south,13.1783,1018.23,2.3959,35.5864,381,65.7052,
10/21/2022,5,aControl,3,9.796666667,south,13.1783,1018.23,2.3959,35.5864,381,65.7052,
10/21/2022,5,Compact,1,49.41,south,13.1783,1018.23,2.3959,35.5864,381,65.7052,
10/21/2022,5,Rake,0,0,south,13.1783,1018.23,2.3959,35.5864,381,65.7052,
10/21/2022,5,Marine Debris,0,0,south,13.1783,1018.23,2.3959,35.5864,381,65.7052,
10/21/2022,6,aControl,5,17.272,north,13.1783,1018.23,2.3959,35.5864,381,65.7052,
10/21/2022,6,Compact,1,18.48,north,13.1783,1018.23,2.3959,35.5864,381,65.7052,
10/21/2022,6,Rake,4,20.385,north,13.1783,1018.23,2.3959,35.5864,381,65.7052,
10/21/2022,6,Marine Debris,4,17.93,north,13.1783,1018.23,2.3959,35.5864,381,65.7052,
10/21/2022,7,aControl,3,23.34666667,north,13.1783,1018.23,2.3959,35.5864,381,65.7052,
10/21/2022,7,Compact,0,0,north,13.1783,1018.23,2.3959,35.5864,381,65.7052,
10/21/2022,7,Rake,4,14.9525,north,13.1783,1018.23,2.3959,35.5864,381,65.7052,
10/21/2022,7,Marine Debris,4,22.21,north,13.1783,1018.23,2.3959,35.5864,381,65.7052,
10/21/2022,8,aControl,2,34.485,north,13.1783,1018.23,2.3959,35.5864,381,65.7052,
10/21/2022,8,Compact,3,19.03666667,north,13.1783,1018.23,2.3959,35.5864,381,65.7052,
10/21/2022,8,Rake,1,10.37,north,13.1783,1018.23,2.3959,35.5864,381,65.7052,
10/21/2022,8,Marine Debris,0,0,north,13.1783,1018.23,2.3959,35.5864,381,65.7052,
10/21/2022,9,aControl,2,18.94,north,13.1783,1018.23,2.3959,35.5864,381,65.7052,
10/21/2022,9,Compact,1,22.43,north,13.1783,1018.23,2.3959,35.5864,381,65.7052,
10/21/2022,9,Rake,3,32.43666667,north,13.1783,1018.23,2.3959,35.5864,381,65.7052,
10/21/2022,9,Marine Debris,4,10.84,north,13.1783,1018.23,2.3959,35.5864,381,65.7052,
10/21/2022,10,aControl,1,10.14,north,13.1783,1018.23,2.3959,35.5864,381,65.7052,
10/21/2022,10,Compact,1,29.89,north,13.1783,1018.23,2.3959,35.5864,381,65.7052,
10/21/2022,10,Rake,0,0,north,13.1783,1018.23,2.3959,35.5864,381,65.7052,
10/21/2022,10,Marine Debris,5,23.186,north,13.1783,1018.23,2.3959,35.5864,381,65.7052,
